log_id,source_url,final_url,http_status,status,error_msg,duration_sec,crawled_at
log_2c2bf1bcd1,https://cumming.ucalgary.ca/departments/bmb/profiles/dr-wayne-sr-chen,https://cumming.ucalgary.ca/departments/bmb/profiles/dr-wayne-sr-chen,200,success,,1.07,2026-04-17T22:21:22.583639+00:00
log_a92f18a1ab,https://cumming.ucalgary.ca/departments/medical-genetics/Oksana-Suchowersky,https://cumming.ucalgary.ca/departments/medical-genetics/Oksana-Suchowersky,200,success,,0.823,2026-04-17T22:21:24.907105+00:00
log_35a11ee630,https://cumming.ucalgary.ca/departments/physiology-pharmacology/morley-hollenberg,https://cumming.ucalgary.ca/departments/physiology-pharmacology/morley-hollenberg,200,success,,0.789,2026-04-17T22:21:27.196482+00:00
log_c543a56f4f,https://cumming.ucalgary.ca/node/18463,https://cumming.ucalgary.ca/node/18463,200,success,,2.026,2026-04-17T22:21:30.722736+00:00
log_708041fd43,https://profiles.ucalgary.ca/aaron-gruber,https://profiles.ucalgary.ca/aaron-gruber,200,success,,0.165,2026-04-17T22:21:32.388032+00:00
log_2133081503,https://profiles.ucalgary.ca/aaron-phillips,https://profiles.ucalgary.ca/aaron-phillips,200,success,,0.357,2026-04-17T22:21:34.245640+00:00
log_59dc43d4a4,https://profiles.ucalgary.ca/abdullah-al-maruf,https://profiles.ucalgary.ca/abdullah-al-maruf,200,success,,0.38,2026-04-17T22:21:36.126164+00:00
log_ec1367607e,https://profiles.ucalgary.ca/abdul-rahman,https://profiles.ucalgary.ca/abdul-rahman,200,success,,0.054,2026-04-17T22:21:37.679814+00:00
log_0fddccddd4,https://profiles.ucalgary.ca/adel-gabriel,https://profiles.ucalgary.ca/adel-gabriel,200,success,,0.348,2026-04-17T22:21:39.528554+00:00
log_e2f7ec50c8,https://profiles.ucalgary.ca/adriana-zardini-buzatto,https://profiles.ucalgary.ca/adriana-zardini-buzatto,200,success,,0.666,2026-04-17T22:21:41.694923+00:00
log_6d5f4d3890,https://profiles.ucalgary.ca/adrianna-giuffre,https://profiles.ucalgary.ca/adrianna-giuffre,200,success,,0.099,2026-04-17T22:21:43.294443+00:00
log_3e3aae1d5c,https://profiles.ucalgary.ca/alan-mcluckie,https://profiles.ucalgary.ca/alan-mcluckie,200,success,,0.674,2026-04-17T22:21:45.468498+00:00
log_6aea8b978e,https://profiles.ucalgary.ca/aleksandra-mineyko,https://profiles.ucalgary.ca/aleksandra-mineyko,200,success,,0.34,2026-04-17T22:21:47.308988+00:00
log_f5184f4bdb,https://profiles.ucalgary.ca/alexander-mcgirr,https://profiles.ucalgary.ca/alexander-mcgirr,200,success,,0.471,2026-04-17T22:21:49.280157+00:00
log_c77a88f359,https://profiles.ucalgary.ca/alex-lohman,https://profiles.ucalgary.ca/alex-lohman,200,success,,0.08,2026-04-17T22:21:50.860046+00:00
log_6eb1f56da4,https://profiles.ucalgary.ca/ali-golestani,https://profiles.ucalgary.ca/ali-golestani,200,success,,0.5,2026-04-17T22:21:52.860338+00:00
log_75bdfc9a8a,https://profiles.ucalgary.ca/alim-mitha,https://profiles.ucalgary.ca/alim-mitha,200,success,,0.339,2026-04-17T22:21:54.699304+00:00
log_ac57b009f4,https://profiles.ucalgary.ca/alvin-joselin,https://profiles.ucalgary.ca/alvin-joselin,200,success,,0.415,2026-04-17T22:21:56.614441+00:00
log_d19638cd57,https://profiles.ucalgary.ca/amanda-tyndall,https://profiles.ucalgary.ca/amanda-tyndall,200,success,,0.514,2026-04-17T22:21:58.629047+00:00
log_95beb48dd2,https://profiles.ucalgary.ca/amir-sanati-nezhad,https://profiles.ucalgary.ca/amir-sanati-nezhad,200,success,,0.818,2026-04-17T22:22:00.946775+00:00
log_374b9f58e7,https://profiles.ucalgary.ca/ami-tint,https://profiles.ucalgary.ca/ami-tint,200,success,,0.763,2026-04-17T22:22:03.210642+00:00
log_f11784c740,https://profiles.ucalgary.ca/amy-warren,https://profiles.ucalgary.ca/amy-warren,200,success,,0.63,2026-04-17T22:22:05.340653+00:00
log_647677f221,https://profiles.ucalgary.ca/ana-nikolic,https://profiles.ucalgary.ca/ana-nikolic,200,success,,0.513,2026-04-17T22:22:07.354626+00:00
log_14a9ab6ffb,https://profiles.ucalgary.ca/andrea-protzner,https://profiles.ucalgary.ca/andrea-protzner,200,success,,0.331,2026-04-17T22:22:09.185621+00:00
log_cc68a1c848,https://profiles.ucalgary.ca/andreas-kramer,https://profiles.ucalgary.ca/andreas-kramer,200,success,,0.338,2026-04-17T22:22:11.023758+00:00
log_620aa206e2,https://profiles.ucalgary.ca/andreas-wissmann,https://profiles.ucalgary.ca/andreas-wissmann,200,success,,0.039,2026-04-17T22:22:12.563390+00:00
log_96de659296,https://profiles.ucalgary.ca/andrew-braun,https://profiles.ucalgary.ca/andrew-braun,200,success,,0.479,2026-04-17T22:22:14.542459+00:00
log_d1434a7bd1,https://profiles.ucalgary.ca/andrew-demchuk,https://profiles.ucalgary.ca/andrew-demchuk,200,success,,0.333,2026-04-17T22:22:16.375940+00:00
log_94fae74cbf,https://profiles.ucalgary.ca/andrew-gabriel-mckay-bulloch,https://profiles.ucalgary.ca/andrew-gabriel-mckay-bulloch,200,success,,0.378,2026-04-17T22:22:18.254375+00:00
log_08b8297c38,https://profiles.ucalgary.ca/andrew-kim,https://profiles.ucalgary.ca/andrew-kim,200,success,,0.487,2026-04-17T22:22:20.241222+00:00
log_c61f1791ec,https://profiles.ucalgary.ca/andrew-szeto,https://profiles.ucalgary.ca/andrew-szeto,200,success,,0.464,2026-04-17T22:22:22.205834+00:00
log_821e0027ca,https://profiles.ucalgary.ca/angela-haffenden,https://profiles.ucalgary.ca/angela-haffenden,200,success,,0.333,2026-04-17T22:22:24.039337+00:00
log_bca6c9355a,https://profiles.ucalgary.ca/angelique-jenney,https://profiles.ucalgary.ca/angelique-jenney,200,success,,0.563,2026-04-17T22:22:26.103097+00:00
log_054c07c2cc,https://profiles.ucalgary.ca/anne-duffy,https://profiles.ucalgary.ca/anne-duffy,403,error,HTTP 403,0.336,2026-04-17T22:22:27.939381+00:00
log_5f90396b20,https://profiles.ucalgary.ca/anne-patricia-flynn,https://profiles.ucalgary.ca/anne-patricia-flynn,200,success,,0.385,2026-04-17T22:22:29.824209+00:00
log_bd28cdcecf,https://profiles.ucalgary.ca/antoine-dufour,https://profiles.ucalgary.ca/antoine-dufour,200,success,,0.467,2026-04-17T22:22:31.791770+00:00
log_2be8dccf05,https://profiles.ucalgary.ca/araba-chintoh,https://profiles.ucalgary.ca/araba-chintoh,200,success,,0.385,2026-04-17T22:22:33.676518+00:00
log_075bedcb15,https://profiles.ucalgary.ca/aravind-ganesh,https://profiles.ucalgary.ca/aravind-ganesh,200,success,,0.347,2026-04-17T22:22:35.524369+00:00
log_c4f102d8a6,https://profiles.ucalgary.ca/arvi-rauk,https://profiles.ucalgary.ca/arvi-rauk,200,success,,0.153,2026-04-17T22:22:37.177764+00:00
log_b6e077e413,https://profiles.ucalgary.ca/ashley-harris,https://profiles.ucalgary.ca/ashley-harris,200,success,,0.378,2026-04-17T22:22:39.056257+00:00
log_5b63c6e2bc,https://profiles.ucalgary.ca/audrey-ann-deneault,https://profiles.ucalgary.ca/audrey-ann-deneault,200,success,,0.331,2026-04-17T22:22:40.886878+00:00
log_fac824d5e7,https://profiles.ucalgary.ca/beverly-lynn-adams,https://profiles.ucalgary.ca/beverly-lynn-adams,200,success,,0.401,2026-04-17T22:22:42.788514+00:00
log_c52923d37b,https://profiles.ucalgary.ca/bijoy-menon,https://profiles.ucalgary.ca/bijoy-menon,200,success,,0.358,2026-04-17T22:22:44.646643+00:00
log_9a735ff36e,https://profiles.ucalgary.ca/bin-hu,https://profiles.ucalgary.ca/bin-hu,200,success,,0.51,2026-04-17T22:22:46.656982+00:00
log_9a26767e0f,https://profiles.ucalgary.ca/boguslaw-tomanek,https://profiles.ucalgary.ca/boguslaw-tomanek,200,success,,0.485,2026-04-17T22:22:48.641844+00:00
log_4cd09e4474,https://profiles.ucalgary.ca/bonnie-kaplan,https://profiles.ucalgary.ca/bonnie-kaplan,200,success,,0.319,2026-04-17T22:22:50.461046+00:00
log_d3af13097b,https://profiles.ucalgary.ca/bradley-gordon-goodyear,https://profiles.ucalgary.ca/bradley-gordon-goodyear,200,success,,0.879,2026-04-17T22:22:52.840131+00:00
log_136e0987bf,https://profiles.ucalgary.ca/brandy-callahan,https://profiles.ucalgary.ca/brandy-callahan,200,success,,0.353,2026-04-17T22:22:54.693174+00:00
log_13459b15ff,https://profiles.ucalgary.ca/brian-brooks,https://profiles.ucalgary.ca/brian-brooks,200,success,,0.428,2026-04-17T22:22:56.621494+00:00
log_f01409ab18,https://profiles.ucalgary.ca/brian-herbert-bland,https://profiles.ucalgary.ca/brian-herbert-bland,200,success,,0.461,2026-04-17T22:22:58.582198+00:00
log_3d1c605d56,https://profiles.ucalgary.ca/brittany-martin,https://profiles.ucalgary.ca/brittany-martin,200,success,,0.099,2026-04-17T22:23:00.180912+00:00
log_e5f330b359,https://profiles.ucalgary.ca/bryan-yipp,https://profiles.ucalgary.ca/bryan-yipp,200,success,,0.488,2026-04-17T22:23:02.169389+00:00
log_f080565839,https://profiles.ucalgary.ca/camila-aquino,https://profiles.ucalgary.ca/camila-aquino,200,success,,0.047,2026-04-17T22:23:03.716719+00:00
log_b8885fc72e,https://profiles.ucalgary.ca/candice-poon,https://profiles.ucalgary.ca/candice-poon,200,success,,0.625,2026-04-17T22:23:05.841748+00:00
log_faaa214683,https://profiles.ucalgary.ca/carlos-camara-lemarroy,https://profiles.ucalgary.ca/carlos-camara-lemarroy,200,success,,0.362,2026-04-17T22:23:07.704279+00:00
log_6face5c5bf,https://profiles.ucalgary.ca/carly-mcmorris,https://profiles.ucalgary.ca/carly-mcmorris,200,success,,0.74,2026-04-17T22:23:09.944287+00:00
log_33dc09a1c0,https://profiles.ucalgary.ca/carol-schuurmans,https://profiles.ucalgary.ca/carol-schuurmans,200,success,,0.365,2026-04-17T22:23:11.810161+00:00
log_6f855079cc,https://profiles.ucalgary.ca/carolyn-emery,https://profiles.ucalgary.ca/carolyn-emery,200,success,,1.955,2026-04-17T22:23:15.265086+00:00
log_315bdf79b9,https://profiles.ucalgary.ca/catherine-lebel,https://profiles.ucalgary.ca/catherine-lebel,200,success,,0.52,2026-04-17T22:23:17.285794+00:00
log_88b490ac30,https://profiles.ucalgary.ca/chad-bousman,https://profiles.ucalgary.ca/chad-bousman,200,success,,0.608,2026-04-17T22:23:19.394286+00:00
log_2a991e0147,https://profiles.ucalgary.ca/chantel-debert,https://profiles.ucalgary.ca/chantel-debert,200,success,,0.518,2026-04-17T22:23:21.412613+00:00
log_fe37d924d3,https://profiles.ucalgary.ca/chathura-kumaragamage,https://profiles.ucalgary.ca/chathura-kumaragamage,200,success,,0.334,2026-04-17T22:23:23.247407+00:00
log_82c77a0056,https://profiles.ucalgary.ca/chester-ho,https://profiles.ucalgary.ca/chester-ho,200,success,,0.413,2026-04-17T22:23:25.160789+00:00
log_07729a2616,https://profiles.ucalgary.ca/christophe-altier,https://profiles.ucalgary.ca/christophe-altier,200,success,,0.413,2026-04-17T22:23:27.073592+00:00
log_44b2be62d4,https://profiles.ucalgary.ca/christopher-kirton,https://profiles.ucalgary.ca/christopher-kirton,200,success,,0.194,2026-04-17T22:23:28.767980+00:00
log_c7a209cfca,https://profiles.ucalgary.ca/christopher-sears,https://profiles.ucalgary.ca/christopher-sears,200,success,,0.922,2026-04-17T22:23:31.190252+00:00
log_19af6311ca,https://profiles.ucalgary.ca/christopher-white,https://profiles.ucalgary.ca/christopher-white,200,success,,0.362,2026-04-17T22:23:33.052524+00:00
log_f73bf33cf3,https://profiles.ucalgary.ca/christoph-simon,https://profiles.ucalgary.ca/christoph-simon,200,success,,0.448,2026-04-17T22:23:35.001057+00:00
log_561ac792a3,https://profiles.ucalgary.ca/chunlong-mu,https://profiles.ucalgary.ca/chunlong-mu,200,success,,0.098,2026-04-17T22:23:36.599281+00:00
log_307ae91a84,https://profiles.ucalgary.ca/cindy-barha,https://profiles.ucalgary.ca/cindy-barha,200,success,,0.614,2026-04-17T22:23:38.712971+00:00
log_51874abce9,https://profiles.ucalgary.ca/clare-gallagher,https://profiles.ucalgary.ca/clare-gallagher,200,success,,0.438,2026-04-17T22:23:40.650828+00:00
log_46cc566e1c,https://profiles.ucalgary.ca/claudia-gomes-da-rocha,https://profiles.ucalgary.ca/claudia-gomes-da-rocha,200,success,,0.625,2026-04-17T22:23:42.776159+00:00
log_34b0f264f9,https://profiles.ucalgary.ca/colin-dalton,https://profiles.ucalgary.ca/colin-dalton,200,success,,0.865,2026-04-17T22:23:45.141913+00:00
log_668e4864b9,https://profiles.ucalgary.ca/colin-josephson,https://profiles.ucalgary.ca/colin-josephson,200,success,,0.462,2026-04-17T22:23:47.104438+00:00
log_d854599cc6,https://profiles.ucalgary.ca/colleen-maxwell,https://profiles.ucalgary.ca/colleen-maxwell,200,success,,0.526,2026-04-17T22:23:49.130554+00:00
log_548f233305,https://profiles.ucalgary.ca/corey-flynn,https://profiles.ucalgary.ca/corey-flynn,200,success,,0.377,2026-04-17T22:23:51.007835+00:00
log_67850dcf02,https://profiles.ucalgary.ca/cristian-zeni,https://profiles.ucalgary.ca/cristian-zeni,200,success,,0.376,2026-04-17T22:23:52.883758+00:00
log_937830107c,https://profiles.ucalgary.ca/cynthia-beck,https://profiles.ucalgary.ca/cynthia-beck,200,success,,0.549,2026-04-17T22:23:54.933503+00:00
log_b70aa2920c,https://profiles.ucalgary.ca/dallas-seitz,https://profiles.ucalgary.ca/dallas-seitz,200,success,,0.395,2026-04-17T22:23:56.829139+00:00
log_b914b9689d,https://profiles.ucalgary.ca/daniel-kopala-sibley,https://profiles.ucalgary.ca/daniel-kopala-sibley,200,success,,0.504,2026-04-17T22:23:58.833063+00:00
log_cdfda06836,https://profiles.ucalgary.ca/daniel-mcgrath,https://profiles.ucalgary.ca/daniel-mcgrath,200,success,,0.907,2026-04-17T22:24:01.240348+00:00
log_0b748c2ae5,https://profiles.ucalgary.ca/daniel-okoro,https://profiles.ucalgary.ca/daniel-okoro,200,success,,0.484,2026-04-17T22:24:03.224592+00:00
log_77c494a766,https://profiles.ucalgary.ca/daniel-pang,https://profiles.ucalgary.ca/daniel-pang,200,success,,0.406,2026-04-17T22:24:05.130687+00:00
log_9752f160f8,https://profiles.ucalgary.ca/danijela-piskulic,https://profiles.ucalgary.ca/danijela-piskulic,200,success,,0.586,2026-04-17T22:24:07.216615+00:00
log_7562cfabe2,https://profiles.ucalgary.ca/darren-derksen,https://profiles.ucalgary.ca/darren-derksen,200,success,,0.154,2026-04-17T22:24:08.870994+00:00
log_a871f82bec,https://profiles.ucalgary.ca/darren-laree-clark,https://profiles.ucalgary.ca/darren-laree-clark,200,success,,0.123,2026-04-17T22:24:10.494431+00:00
log_dcafa076a5,https://profiles.ucalgary.ca/david-cadotte,https://profiles.ucalgary.ca/david-cadotte,200,success,,0.118,2026-04-17T22:24:12.113420+00:00
log_7eb77b2208,https://profiles.ucalgary.ca/david-carson-hodgins,https://profiles.ucalgary.ca/david-carson-hodgins,200,success,,0.224,2026-04-17T22:24:13.838279+00:00
log_ef342fa87d,https://profiles.ucalgary.ca/davide-martino,https://profiles.ucalgary.ca/davide-martino,200,success,,0.15,2026-04-17T22:24:15.489211+00:00
log_fc406529bf,https://profiles.ucalgary.ca/david-hogan,https://profiles.ucalgary.ca/david-hogan,200,success,,0.141,2026-04-17T22:24:17.130052+00:00
log_8599f39b59,https://profiles.ucalgary.ca/david-lindenbach,https://profiles.ucalgary.ca/david-lindenbach,200,success,,0.141,2026-04-17T22:24:18.771041+00:00
log_1fdd9077c9,https://profiles.ucalgary.ca/david-neil-crockford,https://profiles.ucalgary.ca/david-neil-crockford,200,success,,0.248,2026-04-17T22:24:20.519266+00:00
log_71ad2c8cba,https://profiles.ucalgary.ca/david-nicholas,https://profiles.ucalgary.ca/david-nicholas,200,success,,0.142,2026-04-17T22:24:22.162034+00:00
log_4c5ec5436c,https://profiles.ucalgary.ca/david-park,https://profiles.ucalgary.ca/david-park,200,success,,0.124,2026-04-17T22:24:23.785931+00:00
log_3fed850419,https://profiles.ucalgary.ca/david-patterson-archer,https://profiles.ucalgary.ca/david-patterson-archer,200,success,,0.093,2026-04-17T22:24:25.379272+00:00
log_da5e335146,https://profiles.ucalgary.ca/dawn-kingston,https://profiles.ucalgary.ca/dawn-kingston,200,success,,0.129,2026-04-17T22:24:27.008558+00:00
log_c310899d24,https://profiles.ucalgary.ca/deborah-kurrasch,https://profiles.ucalgary.ca/deborah-kurrasch,200,success,,0.104,2026-04-17T22:24:28.613136+00:00
log_bb8f26fad7,https://profiles.ucalgary.ca/deborah-maryanne-dewey,https://profiles.ucalgary.ca/deborah-maryanne-dewey,200,success,,0.195,2026-04-17T22:24:30.308064+00:00
log_60a8b5b1e2,https://profiles.ucalgary.ca/deinera-exner-cortens,https://profiles.ucalgary.ca/deinera-exner-cortens,200,success,,0.127,2026-04-17T22:24:31.935088+00:00
log_c9cd837515,https://profiles.ucalgary.ca/derya-sargin,https://profiles.ucalgary.ca/derya-sargin,200,success,,0.098,2026-04-17T22:24:33.533531+00:00
log_3e5d7015b0,https://profiles.ucalgary.ca/diwakar-krishnamurthy,https://profiles.ucalgary.ca/diwakar-krishnamurthy,200,success,,0.243,2026-04-17T22:24:35.276332+00:00
log_62ea5b1c5b,https://profiles.ucalgary.ca/donald-emile-addington,https://profiles.ucalgary.ca/donald-emile-addington,200,success,,0.14,2026-04-17T22:24:36.916957+00:00
log_27ced8d3f0,https://profiles.ucalgary.ca/douglas-william-zochodne,https://profiles.ucalgary.ca/douglas-william-zochodne,200,success,,0.106,2026-04-17T22:24:38.523427+00:00
log_7d41db1e6e,https://profiles.ucalgary.ca/eli-kinney-lang,https://profiles.ucalgary.ca/eli-kinney-lang,200,success,,0.099,2026-04-17T22:24:40.122959+00:00
log_9aa536621b,https://profiles.ucalgary.ca/elizabeth-condliffe,https://profiles.ucalgary.ca/elizabeth-condliffe,200,success,,0.084,2026-04-17T22:24:41.707000+00:00
log_296e59d11f,https://profiles.ucalgary.ca/eloise-carr,https://profiles.ucalgary.ca/eloise-carr,200,success,,0.115,2026-04-17T22:24:43.322631+00:00
log_b9c7443cac,https://profiles.ucalgary.ca/emily-wang-0,https://profiles.ucalgary.ca/emily-wang-0,200,success,,0.103,2026-04-17T22:24:44.925521+00:00
log_61725e7531,https://profiles.ucalgary.ca/emma-towlson,https://profiles.ucalgary.ca/emma-towlson,200,success,,0.142,2026-04-17T22:24:46.568096+00:00
log_ee5d0fe208,https://profiles.ucalgary.ca/erica-makarenko,https://profiles.ucalgary.ca/erica-makarenko,200,success,,0.131,2026-04-17T22:24:48.199617+00:00
log_a6b980b051,https://profiles.ucalgary.ca/eric-chan,https://profiles.ucalgary.ca/eric-chan,200,success,,0.114,2026-04-17T22:24:49.813667+00:00
log_2086dc5c6c,https://profiles.ucalgary.ca/eric-smith,https://profiles.ucalgary.ca/eric-smith,200,success,,0.107,2026-04-17T22:24:51.421218+00:00
log_2923520a36,https://profiles.ucalgary.ca/fady-girgis,https://profiles.ucalgary.ca/fady-girgis,200,success,,0.042,2026-04-17T22:24:52.963276+00:00
log_c93b753ec6,https://profiles.ucalgary.ca/farhad-maleki,https://profiles.ucalgary.ca/farhad-maleki,200,success,,0.092,2026-04-17T22:24:54.555850+00:00
log_74a6666cec,https://profiles.ucalgary.ca/farnaz-amoozegar,https://profiles.ucalgary.ca/farnaz-amoozegar,200,success,,0.102,2026-04-17T22:24:56.158170+00:00
log_8221291f17,https://profiles.ucalgary.ca/fiona-costello,https://profiles.ucalgary.ca/fiona-costello,200,success,,0.147,2026-04-17T22:24:57.805740+00:00
log_514043d377,https://profiles.ucalgary.ca/frank-macmaster,https://profiles.ucalgary.ca/frank-macmaster,200,success,,0.203,2026-04-17T22:24:59.509717+00:00
log_fc724f65bf,https://profiles.ucalgary.ca/frank-stahnisch,https://profiles.ucalgary.ca/frank-stahnisch,200,success,,0.182,2026-04-17T22:25:01.191985+00:00
log_d2abaf5353,https://profiles.ucalgary.ca/gabriela-gilmour,https://profiles.ucalgary.ca/gabriela-gilmour,200,success,,0.144,2026-04-17T22:25:02.835713+00:00
log_b93a61daaf,https://profiles.ucalgary.ca/gabrielle-wilcox,https://profiles.ucalgary.ca/gabrielle-wilcox,200,success,,0.149,2026-04-17T22:25:04.484974+00:00
log_6e4e873dd6,https://profiles.ucalgary.ca/gail-diane-kopp,https://profiles.ucalgary.ca/gail-diane-kopp,200,success,,0.226,2026-04-17T22:25:06.211581+00:00
log_09309c3597,https://profiles.ucalgary.ca/garnette-roy-sutherland,https://profiles.ucalgary.ca/garnette-roy-sutherland,200,success,,0.132,2026-04-17T22:25:07.844168+00:00
log_8f57faaf81,https://profiles.ucalgary.ca/gary-michael-klein,https://profiles.ucalgary.ca/gary-michael-klein,200,success,,0.126,2026-04-17T22:25:09.470589+00:00
log_3a1f68b22b,https://profiles.ucalgary.ca/g-bruce-pike,https://profiles.ucalgary.ca/g-bruce-pike,200,success,,0.149,2026-04-17T22:25:11.119280+00:00
log_9773de604b,https://profiles.ucalgary.ca/geoffrey-messier,https://profiles.ucalgary.ca/geoffrey-messier,200,success,,0.102,2026-04-17T22:25:12.720851+00:00
log_6cf207f6b0,https://profiles.ucalgary.ca/george-francis,https://profiles.ucalgary.ca/george-francis,200,success,,0.214,2026-04-17T22:25:14.435503+00:00
log_a4546a2b4f,https://profiles.ucalgary.ca/georgina-dimitropoulos,https://profiles.ucalgary.ca/georgina-dimitropoulos,200,success,,0.161,2026-04-17T22:25:16.096783+00:00
log_f2cf4bf2bb,https://profiles.ucalgary.ca/gerald-giesbrecht,https://profiles.ucalgary.ca/gerald-giesbrecht,200,success,,0.167,2026-04-17T22:25:17.764094+00:00
log_f48d821e31,https://profiles.ucalgary.ca/gerald-pfeffer,https://profiles.ucalgary.ca/gerald-pfeffer,200,success,,0.118,2026-04-17T22:25:19.382456+00:00
log_7c404029f0,https://profiles.ucalgary.ca/gerald-zamponi,https://profiles.ucalgary.ca/gerald-zamponi,200,success,,0.209,2026-04-17T22:25:21.091398+00:00
log_93abcc24d4,https://profiles.ucalgary.ca/giuseppe-iaria,https://profiles.ucalgary.ca/giuseppe-iaria,200,success,,0.123,2026-04-17T22:25:22.714599+00:00
log_363c932afa,https://profiles.ucalgary.ca/gloria-roldan-urgoiti,https://profiles.ucalgary.ca/gloria-roldan-urgoiti,200,success,,0.13,2026-04-17T22:25:24.345197+00:00
log_fa8b18f9c6,https://profiles.ucalgary.ca/gordon-campbell-teskey,https://profiles.ucalgary.ca/gordon-campbell-teskey,200,success,,0.125,2026-04-17T22:25:25.971026+00:00
log_ba57ffce8b,https://profiles.ucalgary.ca/grant-robert-gordon,https://profiles.ucalgary.ca/grant-robert-gordon,200,success,,0.114,2026-04-17T22:25:27.584736+00:00
log_5ec0c1a17d,https://profiles.ucalgary.ca/guang-yang-0,https://profiles.ucalgary.ca/guang-yang-0,200,success,,0.1,2026-04-17T22:25:29.184897+00:00
log_e10672af81,https://profiles.ucalgary.ca/guillaume-millet,https://profiles.ucalgary.ca/guillaume-millet,200,success,,0.205,2026-04-17T22:25:30.889814+00:00
log_edd3fa1dc4,https://profiles.ucalgary.ca/guillermo-delgado-garcia,https://profiles.ucalgary.ca/guillermo-delgado-garcia,200,success,,0.117,2026-04-17T22:25:32.506841+00:00
log_82d8ef5d34,https://profiles.ucalgary.ca/haixu-wang,https://profiles.ucalgary.ca/haixu-wang,200,success,,0.118,2026-04-17T22:25:34.125464+00:00
log_0cd5db5ec4,https://profiles.ucalgary.ca/harry-peery,https://profiles.ucalgary.ca/harry-peery,200,success,,0.123,2026-04-17T22:25:35.748450+00:00
log_d97096db3a,https://profiles.ucalgary.ca/h-artee-luchman,https://profiles.ucalgary.ca/h-artee-luchman,200,success,,0.105,2026-04-17T22:25:37.353743+00:00
log_ce2bd10ecf,https://profiles.ucalgary.ca/hedwich-kuipers,https://profiles.ucalgary.ca/hedwich-kuipers,200,success,,0.098,2026-04-17T22:25:38.951492+00:00
log_fe294f36e0,https://profiles.ucalgary.ca/helen-carlson,https://profiles.ucalgary.ca/helen-carlson,200,success,,0.095,2026-04-17T22:25:40.546663+00:00
log_825a1e367c,https://profiles.ucalgary.ca/hermann-schaetzl,https://profiles.ucalgary.ca/hermann-schaetzl,200,success,,0.191,2026-04-17T22:25:42.237695+00:00
log_455a61a0e5,https://profiles.ucalgary.ca/iliana-ortega,https://profiles.ucalgary.ca/iliana-ortega,200,success,,0.133,2026-04-17T22:25:43.870942+00:00
log_6be49beea4,https://profiles.ucalgary.ca/jackson-cone,https://profiles.ucalgary.ca/jackson-cone,200,success,,0.095,2026-04-17T22:25:45.466174+00:00
log_3a242a2289,https://profiles.ucalgary.ca/jacqueline-smith-0,https://profiles.ucalgary.ca/jacqueline-smith-0,200,success,,0.202,2026-04-17T22:25:47.168702+00:00
log_b78b958fe8,https://profiles.ucalgary.ca/jaideep-bains,https://profiles.ucalgary.ca/jaideep-bains,200,success,,0.15,2026-04-17T22:25:48.819214+00:00
log_bd14a85b45,https://profiles.ucalgary.ca/jane-shearer,https://profiles.ucalgary.ca/jane-shearer,200,success,,0.127,2026-04-17T22:25:50.446672+00:00
log_8e1ae643fa,https://profiles.ucalgary.ca/janet-de-groot,https://profiles.ucalgary.ca/janet-de-groot,200,success,,0.186,2026-04-17T22:25:52.133232+00:00
log_07f8eaa97f,https://profiles.ucalgary.ca/janice-eva-arlee-braun,https://profiles.ucalgary.ca/janice-eva-arlee-braun,200,success,,0.118,2026-04-17T22:25:53.751886+00:00
log_2f1195948b,https://profiles.ucalgary.ca/javier-orlandi,https://profiles.ucalgary.ca/javier-orlandi,200,success,,0.134,2026-04-17T22:25:55.386605+00:00
log_b1743f7aaa,https://profiles.ucalgary.ca/jayna-holroyd-leduc,https://profiles.ucalgary.ca/jayna-holroyd-leduc,200,success,,0.125,2026-04-17T22:25:57.012077+00:00
log_5e75d3e99e,https://profiles.ucalgary.ca/jean-kit-wah-mah-0,https://profiles.ucalgary.ca/jean-kit-wah-mah-0,200,success,,0.107,2026-04-17T22:25:58.619759+00:00
log_40ea6e565a,https://profiles.ucalgary.ca/jean-margaret-addington,https://profiles.ucalgary.ca/jean-margaret-addington,200,success,,0.095,2026-04-17T22:26:00.214504+00:00
log_2b92092437,https://profiles.ucalgary.ca/jeffrey-biernaskie,https://profiles.ucalgary.ca/jeffrey-biernaskie,200,success,,0.092,2026-04-17T22:26:01.807006+00:00
log_662d85ae88,https://profiles.ucalgary.ca/jeffrey-frank-dunn,https://profiles.ucalgary.ca/jeffrey-frank-dunn,200,success,,2.226,2026-04-17T22:26:05.532728+00:00
log_0f13af31db,https://profiles.ucalgary.ca/jeffrey-joseph-0,https://profiles.ucalgary.ca/jeffrey-joseph-0,200,success,,0.135,2026-04-17T22:26:07.168471+00:00
log_d543751059,https://profiles.ucalgary.ca/jennifer-chan,https://profiles.ucalgary.ca/jennifer-chan,200,success,,0.156,2026-04-17T22:26:08.824498+00:00
log_230a1803a2,https://profiles.ucalgary.ca/jennifer-jackson,https://profiles.ucalgary.ca/jennifer-jackson,200,success,,0.138,2026-04-17T22:26:10.462968+00:00
log_34f20592fe,https://profiles.ucalgary.ca/jennifer-thannhauser,https://profiles.ucalgary.ca/jennifer-thannhauser,200,success,,0.092,2026-04-17T22:26:12.055275+00:00
log_2a2e357aa6,https://profiles.ucalgary.ca/jenny-godley,https://profiles.ucalgary.ca/jenny-godley,200,success,,0.157,2026-04-17T22:26:13.712668+00:00
log_b55d176d29,https://profiles.ucalgary.ca/jessalyn-holodinsky,https://profiles.ucalgary.ca/jessalyn-holodinsky,200,success,,0.103,2026-04-17T22:26:15.316187+00:00
log_f45e3d4149,https://profiles.ucalgary.ca/jiami-guo,https://profiles.ucalgary.ca/jiami-guo,403,error,HTTP 403,0.24,2026-04-17T22:26:17.056715+00:00
log_0833587ed9,https://profiles.ucalgary.ca/jillian-miller,https://profiles.ucalgary.ca/jillian-miller,200,success,,0.137,2026-04-17T22:26:18.694526+00:00
log_21137ee742,https://profiles.ucalgary.ca/joanne-park,https://profiles.ucalgary.ca/joanne-park,200,success,,0.094,2026-04-17T22:26:20.288375+00:00
log_fc3ed058fd,https://profiles.ucalgary.ca/jodie-burton,https://profiles.ucalgary.ca/jodie-burton,200,success,,0.096,2026-04-17T22:26:21.883981+00:00
log_3c06ad9303,https://profiles.ucalgary.ca/jodie-roberts,https://profiles.ucalgary.ca/jodie-roberts,200,success,,0.092,2026-04-17T22:26:23.476026+00:00
log_d0ce87adae,https://profiles.ucalgary.ca/joern-davidsen,https://profiles.ucalgary.ca/joern-davidsen,200,success,,0.095,2026-04-17T22:26:25.071506+00:00
log_8f14fccf0f,https://profiles.ucalgary.ca/johanna-ospel,https://profiles.ucalgary.ca/johanna-ospel,200,success,,0.191,2026-04-17T22:26:26.763422+00:00
log_6a6a11e4af,https://profiles.ucalgary.ca/johanna-waegemakers-schiff,https://profiles.ucalgary.ca/johanna-waegemakers-schiff,403,error,HTTP 403,0.245,2026-04-17T22:26:28.508488+00:00
log_b7d4264960,https://profiles.ucalgary.ca/johnathan-canton,https://profiles.ucalgary.ca/johnathan-canton,200,success,,0.094,2026-04-17T22:26:30.103074+00:00
log_3b0ab883d7,https://profiles.ucalgary.ca/john-duncan-mclennan,https://profiles.ucalgary.ca/john-duncan-mclennan,200,success,,0.199,2026-04-17T22:26:31.802468+00:00
log_cd8c72e75f,https://profiles.ucalgary.ca/john-gregory-cairncross,https://profiles.ucalgary.ca/john-gregory-cairncross,200,success,,0.17,2026-04-17T22:26:33.472627+00:00
log_4b9fdbbd3d,https://profiles.ucalgary.ca/john-wong,https://profiles.ucalgary.ca/john-wong,200,success,,0.161,2026-04-17T22:26:35.133871+00:00
log_abc4152284,https://profiles.ucalgary.ca/jonathan-epp,https://profiles.ucalgary.ca/jonathan-epp,200,success,,0.123,2026-04-17T22:26:36.756745+00:00
log_6adcd7e52b,https://profiles.ucalgary.ca/jonathan-lytton,https://profiles.ucalgary.ca/jonathan-lytton,200,success,,0.119,2026-04-17T22:26:38.376631+00:00
log_471401c4b4,https://profiles.ucalgary.ca/jonathan-smirl,https://profiles.ucalgary.ca/jonathan-smirl,200,success,,0.118,2026-04-17T22:26:39.994908+00:00
log_1850cb6ab0,https://profiles.ucalgary.ca/jong-rho,https://profiles.ucalgary.ca/jong-rho,403,error,HTTP 403,0.238,2026-04-17T22:26:41.733436+00:00
log_48633eee1b,https://profiles.ucalgary.ca/jos-jan-eggermont,https://profiles.ucalgary.ca/jos-jan-eggermont,200,success,,0.19,2026-04-17T22:26:43.423353+00:00
log_616f71187d,https://profiles.ucalgary.ca/julia-hews-girard,https://profiles.ucalgary.ca/julia-hews-girard,200,success,,0.124,2026-04-17T22:26:45.048002+00:00
log_33626e53f8,https://profiles.ucalgary.ca/julia-jacobs-levan,https://profiles.ucalgary.ca/julia-jacobs-levan,200,success,,0.208,2026-04-17T22:26:46.756255+00:00
log_7f49287e5b,https://profiles.ucalgary.ca/julia-kam,https://profiles.ucalgary.ca/julia-kam,200,success,,0.12,2026-04-17T22:26:48.376347+00:00
log_3c4b52cf03,https://profiles.ucalgary.ca/julia-kirkham,https://profiles.ucalgary.ca/julia-kirkham,200,success,,0.115,2026-04-17T22:26:49.992030+00:00
log_dd389f4665,https://profiles.ucalgary.ca/julie-kromm,https://profiles.ucalgary.ca/julie-kromm,200,success,,0.129,2026-04-17T22:26:51.621604+00:00
log_59a4c180c0,https://profiles.ucalgary.ca/jun-yan,https://profiles.ucalgary.ca/jun-yan,200,success,,0.115,2026-04-17T22:26:53.236952+00:00
log_1925c54218,https://profiles.ucalgary.ca/justyna-sarna,https://profiles.ucalgary.ca/justyna-sarna,200,success,,0.096,2026-04-17T22:26:54.833335+00:00
log_ce529c67a8,https://profiles.ucalgary.ca/kamala-devi-patel,https://profiles.ucalgary.ca/kamala-devi-patel,200,success,,0.084,2026-04-17T22:26:56.417905+00:00
log_23cf451a64,https://profiles.ucalgary.ca/kara-murias,https://profiles.ucalgary.ca/kara-murias,200,success,,0.207,2026-04-17T22:26:58.125597+00:00
log_edbda6b2c6,https://profiles.ucalgary.ca/karl-klein,https://profiles.ucalgary.ca/karl-klein,200,success,,0.133,2026-04-17T22:26:59.758945+00:00
log_034120bb6d,https://profiles.ucalgary.ca/karolina-sundin,https://profiles.ucalgary.ca/karolina-skibicka,200,success,,0.251,2026-04-17T22:27:01.510562+00:00
log_e8f5b1b7de,https://profiles.ucalgary.ca/kartikeya-murari,https://profiles.ucalgary.ca/kartikeya-murari,200,success,,0.228,2026-04-17T22:27:03.238778+00:00
log_7fb9f9d016,https://profiles.ucalgary.ca/katayoun-alikhani,https://profiles.ucalgary.ca/katayoun-alikhani,200,success,,0.126,2026-04-17T22:27:04.865012+00:00
log_ec48c28acb,https://profiles.ucalgary.ca/katherine-bright,https://profiles.ucalgary.ca/katherine-bright,200,success,,0.19,2026-04-17T22:27:06.555452+00:00
log_175be0c0d3,https://profiles.ucalgary.ca/katherine-rittenbach,https://profiles.ucalgary.ca/katherine-rittenbach,200,success,,0.151,2026-04-17T22:27:08.207381+00:00
log_eb27f6bfb0,https://profiles.ucalgary.ca/katherine-wynne-edwards,https://profiles.ucalgary.ca/katherine-wynne-edwards,200,success,,0.14,2026-04-17T22:27:09.847704+00:00
log_c8ab0d096a,https://profiles.ucalgary.ca/kathleen-chaput,https://profiles.ucalgary.ca/kathleen-chaput,200,success,,0.105,2026-04-17T22:27:11.453671+00:00
log_659531ae2b,https://profiles.ucalgary.ca/kathryn-birnie,https://profiles.ucalgary.ca/kathryn-birnie,200,success,,0.183,2026-04-17T22:27:13.137229+00:00
log_00511c2e39,https://profiles.ucalgary.ca/kathryn-schneider,https://profiles.ucalgary.ca/kathryn-schneider,200,success,,0.123,2026-04-17T22:27:14.760719+00:00
log_3c9afc74a7,https://profiles.ucalgary.ca/keith-alexander-sharkey,https://profiles.ucalgary.ca/keith-alexander-sharkey,200,success,,0.137,2026-04-17T22:27:16.397966+00:00
log_3e4fce9196,https://profiles.ucalgary.ca/keith-stephen-dobson,https://profiles.ucalgary.ca/keith-stephen-dobson,200,success,,0.201,2026-04-17T22:27:18.099568+00:00
log_e1f3d9b3df,https://profiles.ucalgary.ca/keith-yeates,https://profiles.ucalgary.ca/keith-yeates,200,success,,0.139,2026-04-17T22:27:19.739075+00:00
log_44e3ff5b1f,https://profiles.ucalgary.ca/kelly-dean-schwartz,https://profiles.ucalgary.ca/kelly-dean-schwartz,200,success,,0.982,2026-04-17T22:27:22.221109+00:00
log_3fa6ae9b48,https://profiles.ucalgary.ca/kelly-larkin-kaiser,https://profiles.ucalgary.ca/kelly-larkin-kaiser,200,success,,0.518,2026-04-17T22:27:24.239052+00:00
log_9ec28766be,https://profiles.ucalgary.ca/kenneth-lukowiak,https://profiles.ucalgary.ca/kenneth-lukowiak,200,success,,0.482,2026-04-17T22:27:26.221156+00:00
log_9dc71eb44c,https://profiles.ucalgary.ca/kenton-hecker,https://profiles.ucalgary.ca/kenton-hecker,200,success,,1.038,2026-04-17T22:27:28.759903+00:00
log_586782fe2f,https://profiles.ucalgary.ca/kevin-douglas-busche,https://profiles.ucalgary.ca/kevin-douglas-busche,200,success,,0.104,2026-04-17T22:27:30.364421+00:00
log_ba2d35005b,https://profiles.ucalgary.ca/kimberley-smaniotto-holmes,https://profiles.ucalgary.ca/kimberley-smaniotto-holmes,200,success,,0.109,2026-04-17T22:27:31.973480+00:00
log_1e1389031c,https://profiles.ucalgary.ca/kirsten-bobawsky,https://profiles.ucalgary.ca/kirsten-bobawsky-fiest,200,success,,0.516,2026-04-17T22:27:33.989333+00:00
log_f3cfa53fb7,https://profiles.ucalgary.ca/kirstie-lithgow,https://profiles.ucalgary.ca/kirstie-lithgow,200,success,,0.425,2026-04-17T22:27:35.914191+00:00
log_bda58f8d9b,https://profiles.ucalgary.ca/kristin-von-ranson,https://profiles.ucalgary.ca/kristin-von-ranson,200,success,,0.428,2026-04-17T22:27:37.843038+00:00
log_8cb9f62a87,https://profiles.ucalgary.ca/lara-leijser,https://profiles.ucalgary.ca/lara-leijser,200,success,,0.745,2026-04-17T22:27:40.088526+00:00
log_f14138034e,https://profiles.ucalgary.ca/laura-curiel,https://profiles.ucalgary.ca/laura-curiel,200,success,,0.416,2026-04-17T22:27:42.004783+00:00
log_265232017c,https://profiles.ucalgary.ca/lawrence-korngut,https://profiles.ucalgary.ca/lawrence-korngut,200,success,,0.137,2026-04-17T22:27:43.642142+00:00
log_4ddfd3dbe5,https://profiles.ucalgary.ca/leah-mayo,https://profiles.ucalgary.ca/leah-mayo,200,success,,0.8,2026-04-17T22:27:45.942322+00:00
log_c072b78791,https://profiles.ucalgary.ca/lenora-brown,https://profiles.ucalgary.ca/lenora-brown,200,success,,0.492,2026-04-17T22:27:47.934873+00:00
log_33770a10c5,https://profiles.ucalgary.ca/leticia-radin-pereira,https://profiles.ucalgary.ca/leticia-radin-pereira,200,success,,0.433,2026-04-17T22:27:49.868080+00:00
log_94c3055619,https://profiles.ucalgary.ca/lian-willetts,https://profiles.ucalgary.ca/lian-willetts,200,success,,0.465,2026-04-17T22:27:51.833539+00:00
log_0acf9ed440,https://profiles.ucalgary.ca/lori-montgomery,https://profiles.ucalgary.ca/lori-montgomery,200,success,,0.544,2026-04-17T22:27:53.877426+00:00
log_3b791a8e46,https://profiles.ucalgary.ca/lorraine-venturato,https://profiles.ucalgary.ca/lorraine-venturato,200,success,,0.84,2026-04-17T22:27:56.217855+00:00
log_6ceaa0d1a9,https://profiles.ucalgary.ca/luanne-marie-metz,https://profiles.ucalgary.ca/luanne-marie-metz,200,success,,0.493,2026-04-17T22:27:58.211451+00:00
log_8a6c1c778d,https://profiles.ucalgary.ca/manuel-hulliger,https://profiles.ucalgary.ca/manuel-hulliger,200,success,,0.411,2026-04-17T22:28:00.122262+00:00
log_a7d91f18c3,https://profiles.ucalgary.ca/marc-poulin,https://profiles.ucalgary.ca/marc-poulin,200,success,,0.763,2026-04-17T22:28:02.385116+00:00
log_4d6887ea53,https://profiles.ucalgary.ca/marcus-koch,https://profiles.ucalgary.ca/marcus-koch,200,success,,0.53,2026-04-17T22:28:04.415377+00:00
log_c2cd4a653f,https://profiles.ucalgary.ca/mariana-pinheiro-bento,https://profiles.ucalgary.ca/mariana-pinheiro-bento,200,success,,0.536,2026-04-17T22:28:06.451676+00:00
log_27df8db20e,https://profiles.ucalgary.ca/mark-colijn,https://profiles.ucalgary.ca/mark-colijn,200,success,,0.584,2026-04-17T22:28:08.535478+00:00
log_e2893a1218,https://profiles.ucalgary.ca/mark-giles-hamilton,https://profiles.ucalgary.ca/mark-giles-hamilton,200,success,,0.517,2026-04-17T22:28:10.552697+00:00
log_c23009040d,https://profiles.ucalgary.ca/maryam-faiz,https://profiles.ucalgary.ca/maryam-faiz,200,success,,0.306,2026-04-17T22:28:12.359354+00:00
log_c440b73e63,https://profiles.ucalgary.ca/mary-dunbar,https://profiles.ucalgary.ca/mary-dunbar,200,success,,0.746,2026-04-17T22:28:14.605956+00:00
log_ad69048f17,https://profiles.ucalgary.ca/matthew-hill,https://profiles.ucalgary.ca/matthew-hill,200,success,,0.387,2026-04-17T22:28:16.493078+00:00
log_2c5dbae8e6,https://profiles.ucalgary.ca/matthew-macdonald,https://profiles.ucalgary.ca/ethan-macdonald,200,success,,0.3,2026-04-17T22:28:18.293604+00:00
log_9b104563fd,https://profiles.ucalgary.ca/matthias-wilms,https://profiles.ucalgary.ca/matthias-wilms,403,error,HTTP 403,0.387,2026-04-17T22:28:20.180450+00:00
log_999473b8c6,https://profiles.ucalgary.ca/mayank-goyal,https://profiles.ucalgary.ca/mayank-goyal,200,success,,0.627,2026-04-17T22:28:22.307946+00:00
log_b19183ad2d,https://profiles.ucalgary.ca/meghan-mcdonough,https://profiles.ucalgary.ca/meghan-mcdonough,200,success,,0.918,2026-04-17T22:28:24.726488+00:00
log_9f8d0eb04b,https://profiles.ucalgary.ca/melanie-noel,https://profiles.ucalgary.ca/melanie-noel,200,success,,1.021,2026-04-17T22:28:27.247526+00:00
log_3798c77eeb,https://profiles.ucalgary.ca/melanie-rock,https://profiles.ucalgary.ca/melanie-rock,200,success,,0.371,2026-04-17T22:28:29.118824+00:00
log_55f513e972,https://profiles.ucalgary.ca/melinda-jane-davis,https://profiles.ucalgary.ca/melinda-jane-davis,200,success,,0.318,2026-04-17T22:28:30.937223+00:00
log_6b402b4349,https://profiles.ucalgary.ca/michael-adrian-colicos,https://profiles.ucalgary.ca/michael-adrian-colicos,200,success,,0.336,2026-04-17T22:28:32.773983+00:00
log_d0e5ef23be,https://profiles.ucalgary.ca/michael-christopher-antle,https://profiles.ucalgary.ca/michael-christopher-antle,200,success,,0.195,2026-04-17T22:28:34.469648+00:00
log_45ba77b4f0,https://profiles.ucalgary.ca/michael-esser,https://profiles.ucalgary.ca/michael-esser,200,success,,0.047,2026-04-17T22:28:36.016517+00:00
log_7a0186cd67,https://profiles.ucalgary.ca/michael-hill,https://profiles.ucalgary.ca/michael-hill,200,success,,0.391,2026-04-17T22:28:37.907542+00:00
log_696440c8e6,https://profiles.ucalgary.ca/michael-patrick-walsh,https://profiles.ucalgary.ca/michael-patrick-walsh,200,success,,0.313,2026-04-17T22:28:39.720814+00:00
log_63b66c655e,https://profiles.ucalgary.ca/micheil-innes,https://profiles.ucalgary.ca/micheil-innes,200,success,,0.465,2026-04-17T22:28:41.686500+00:00
log_8a6151b0af,https://profiles.ucalgary.ca/minh-dang-nguyen,https://profiles.ucalgary.ca/minh-dang-nguyen,200,success,,0.156,2026-04-17T22:28:43.343049+00:00
log_914d0313a7,https://profiles.ucalgary.ca/mohammad-hajiazim,https://profiles.ucalgary.ca/mohammad-hajiazim,200,success,,0.511,2026-04-17T22:28:45.353749+00:00
log_b2e198f285,https://profiles.ucalgary.ca/mohammed-almekhlafi,https://profiles.ucalgary.ca/mohammed-almekhlafi,200,success,,0.359,2026-04-17T22:28:47.212787+00:00
log_0c0effc109,https://profiles.ucalgary.ca/mohammed-kalathil,https://profiles.ucalgary.ca/mohammed-kalathil,200,success,,0.479,2026-04-17T22:28:49.191763+00:00
log_74df0e7130,https://profiles.ucalgary.ca/monty-ghosh,https://profiles.ucalgary.ca/monty-ghosh,200,success,,0.54,2026-04-17T22:28:51.232395+00:00
log_a2581a1418,https://profiles.ucalgary.ca/morris-scantlebury,https://profiles.ucalgary.ca/morris-scantlebury,200,success,,0.077,2026-04-17T22:28:52.809675+00:00
log_bac403820e,https://profiles.ucalgary.ca/nancy-patricia-diane-brager,https://profiles.ucalgary.ca/nancy-patricia-diane-brager,200,success,,0.578,2026-04-17T22:28:54.888167+00:00
log_d3fd8d2614,https://profiles.ucalgary.ca/nathalie-jette,https://profiles.ucalgary.ca/nathalie-jette,200,success,,0.576,2026-04-17T22:28:56.964543+00:00
log_359ba2d4c2,https://profiles.ucalgary.ca/naweed-imam-syed,https://profiles.ucalgary.ca/naweed-imam-syed,200,success,,0.45,2026-04-17T22:28:58.914759+00:00
log_c615016f4d,https://profiles.ucalgary.ca/nicole-letourneau,https://profiles.ucalgary.ca/nicole-letourneau,200,success,,0.803,2026-04-17T22:29:01.218341+00:00
log_7233bbcfe3,https://profiles.ucalgary.ca/nicole-racine-0,https://profiles.ucalgary.ca/nicole-racine-0,200,success,,0.422,2026-04-17T22:29:03.140772+00:00
log_960bbafab6,https://profiles.ucalgary.ca/nils-daniel-forkert,https://profiles.ucalgary.ca/nils-daniel-forkert,200,success,,0.477,2026-04-17T22:29:05.118342+00:00
log_65e74b7130,https://profiles.ucalgary.ca/nils-torben-bech-hansen,https://profiles.ucalgary.ca/nils-torben-bech-hansen,200,success,,0.861,2026-04-17T22:29:07.479661+00:00
log_713cbd6262,https://profiles.ucalgary.ca/ning-cheng,https://profiles.ucalgary.ca/ning-cheng,200,success,,0.429,2026-04-17T22:29:09.409184+00:00
log_0825dde114,https://profiles.ucalgary.ca/novarun-deb,https://profiles.ucalgary.ca/novarun-deb,200,success,,0.864,2026-04-17T22:29:11.773751+00:00
log_e73bad3176,https://profiles.ucalgary.ca/oluwabukola-salami,https://profiles.ucalgary.ca/oluwabukola-salami,200,success,,0.145,2026-04-17T22:29:13.419015+00:00
log_16a8b59f86,https://profiles.ucalgary.ca/omid-kiamanesh,https://profiles.ucalgary.ca/omid-kiamanesh,200,success,,1.032,2026-04-17T22:29:15.950934+00:00
log_c045befad3,https://profiles.ucalgary.ca/oury-monchi,https://profiles.ucalgary.ca/oury-monchi,200,success,,0.651,2026-04-17T22:29:18.102880+00:00
log_c797a563f1,https://profiles.ucalgary.ca/pamela-roach,https://profiles.ucalgary.ca/pamela-roach,200,success,,0.7,2026-04-17T22:29:20.302851+00:00
log_30bf82e190,https://profiles.ucalgary.ca/paolo-federico,https://profiles.ucalgary.ca/paolo-federico,200,success,,0.13,2026-04-17T22:29:21.933538+00:00
log_9c9074f43b,https://profiles.ucalgary.ca/patricia-ebert,https://profiles.ucalgary.ca/patricia-ebert,403,error,HTTP 403,0.324,2026-04-17T22:29:23.757774+00:00
log_cdf61c8833,https://profiles.ucalgary.ca/patrick-joseph-hanly,https://profiles.ucalgary.ca/patrick-joseph-hanly,200,success,,0.944,2026-04-17T22:29:26.202349+00:00
log_9bca948da6,https://profiles.ucalgary.ca/patrick-whelan,https://profiles.ucalgary.ca/patrick-whelan,200,success,,0.525,2026-04-17T22:29:28.227761+00:00
log_756ba3e9f9,https://profiles.ucalgary.ca/paul-arnold,https://profiles.ucalgary.ca/paul-arnold,200,success,,0.443,2026-04-17T22:29:30.170953+00:00
log_56ea40219a,https://profiles.ucalgary.ca/paul-kubes,https://profiles.ucalgary.ca/paul-kubes,200,success,,0.048,2026-04-17T22:29:31.719183+00:00
log_75b1c14a4f,https://profiles.ucalgary.ca/paul-schnetkamp,https://profiles.ucalgary.ca/paul-schnetkamp,200,success,,0.641,2026-04-17T22:29:33.860941+00:00
log_2fcc9fae89,https://profiles.ucalgary.ca/pedro-santamaria,https://profiles.ucalgary.ca/pedro-santamaria,200,success,,0.514,2026-04-17T22:29:35.875533+00:00
log_d299032bd1,https://profiles.ucalgary.ca/penny-pexman,https://profiles.ucalgary.ca/penelope-marion-pexman,200,success,,0.497,2026-04-17T22:29:37.872526+00:00
log_7b0447b1eb,https://profiles.ucalgary.ca/perri-tutelman,https://profiles.ucalgary.ca/perri-tutelman,200,success,,0.416,2026-04-17T22:29:39.788523+00:00
log_fb7b7d1c18,https://profiles.ucalgary.ca/peter-stys,https://profiles.ucalgary.ca/peter-stys,200,success,,0.633,2026-04-17T22:29:41.922303+00:00
log_f3c6eda6bf,https://profiles.ucalgary.ca/philip-barber,https://profiles.ucalgary.ca/philip-barber,200,success,,0.892,2026-04-17T22:29:44.314363+00:00
log_5be507cf92,https://profiles.ucalgary.ca/pierre-levan,https://profiles.ucalgary.ca/pierre-levan,200,success,,0.436,2026-04-17T22:29:46.250848+00:00
log_c06a76fe22,https://profiles.ucalgary.ca/qingrun-zhang,https://profiles.ucalgary.ca/qingrun-zhang,200,success,,0.197,2026-04-17T22:29:47.947828+00:00
log_524925aad3,https://profiles.ucalgary.ca/quan-long,https://profiles.ucalgary.ca/quan-long,200,success,,0.395,2026-04-17T22:29:49.842973+00:00
log_d7febb8930,https://profiles.ucalgary.ca/quentin-jerome-pittman,https://profiles.ucalgary.ca/quentin-jerome-pittman,200,success,,0.739,2026-04-17T22:29:52.082005+00:00
log_f37659098e,https://profiles.ucalgary.ca/rajamannar-ramasubbu,https://profiles.ucalgary.ca/rajamannar-ramasubbu,200,success,,0.9,2026-04-17T22:29:54.482753+00:00
log_45b9517645,https://profiles.ucalgary.ca/rajiv-midha,https://profiles.ucalgary.ca/rajiv-midha,200,success,,0.586,2026-04-17T22:29:56.569456+00:00
log_1cf1399380,https://profiles.ucalgary.ca/ranita-manocha,https://profiles.ucalgary.ca/ranita-manocha,200,success,,0.153,2026-04-17T22:29:58.222514+00:00
log_953f7efdc3,https://profiles.ucalgary.ca/raymond-turner,https://profiles.ucalgary.ca/raymond-turner,200,success,,0.758,2026-04-17T22:30:00.480472+00:00
log_d006036605,https://profiles.ucalgary.ca/rebecca-charbonneau,https://profiles.ucalgary.ca/rebecca-charbonneau,200,success,,0.464,2026-04-17T22:30:02.444602+00:00
log_4eef5a034c,https://profiles.ucalgary.ca/rebecca-saah,https://profiles.ucalgary.ca/rebecca-saah,200,success,,0.476,2026-04-17T22:30:04.421451+00:00
log_a7582f96cd,https://profiles.ucalgary.ca/richa-pandey,https://profiles.ucalgary.ca/richa-pandey,200,success,,0.554,2026-04-17T22:30:06.476013+00:00
log_3b38abae76,https://profiles.ucalgary.ca/richard-bernard-hawkes,https://profiles.ucalgary.ca/richard-bernard-hawkes,200,success,,0.48,2026-04-17T22:30:08.456334+00:00
log_64c1ca1d80,https://profiles.ucalgary.ca/richard-dyck,https://profiles.ucalgary.ca/richard-dyck,200,success,,0.444,2026-04-17T22:30:10.401081+00:00
log_d08abc493f,https://profiles.ucalgary.ca/richard-frayne,https://profiles.ucalgary.ca/richard-frayne,200,success,,0.462,2026-04-17T22:30:12.363287+00:00
log_5c4a6a89f9,https://profiles.ucalgary.ca/richard-james-alfred-wilson,https://profiles.ucalgary.ca/richard-james-alfred-wilson,200,success,,0.528,2026-04-17T22:30:14.391883+00:00
log_c2aad2351d,https://profiles.ucalgary.ca/richard-stewart-longman,https://profiles.ucalgary.ca/richard-stewart-longman,200,success,,0.63,2026-04-17T22:30:16.521882+00:00
log_61e9e25f57,https://profiles.ucalgary.ca/richelle-mychasiuk,https://profiles.ucalgary.ca/richelle-mychasiuk,200,success,,0.629,2026-04-17T22:30:18.651449+00:00
log_93472ffad5,https://profiles.ucalgary.ca/rita-henderson,https://profiles.ucalgary.ca/rita-henderson,200,success,,0.435,2026-04-17T22:30:20.586137+00:00
log_55b1180144,https://profiles.ucalgary.ca/robert-james-sevick,https://profiles.ucalgary.ca/robert-james-sevick,200,success,,0.713,2026-04-17T22:30:22.799179+00:00
log_db4eb17aaf,https://profiles.ucalgary.ca/robert-john-french,https://profiles.ucalgary.ca/robert-john-french,200,success,,0.725,2026-04-17T22:30:25.025146+00:00
log_f0d088e1ed,https://profiles.ucalgary.ca/roberto-sotero-diaz,https://profiles.ucalgary.ca/roberto-sotero-diaz,200,success,,0.696,2026-04-17T22:30:27.221339+00:00
log_25de2dfa20,https://profiles.ucalgary.ca/roberto-souza,https://profiles.ucalgary.ca/roberto-souza,200,success,,0.57,2026-04-17T22:30:29.291630+00:00
log_36d9c400b3,https://profiles.ucalgary.ca/robert-stephen-sainsbury,https://profiles.ucalgary.ca/robert-stephen-sainsbury,200,success,,0.4,2026-04-17T22:30:31.192191+00:00
log_8ed97fea37,https://profiles.ucalgary.ca/robert-tanguay,https://profiles.ucalgary.ca/robert-tanguay,200,success,,0.353,2026-04-17T22:30:33.045218+00:00
log_6e89f36b80,https://profiles.ucalgary.ca/robin-yates,https://profiles.ucalgary.ca/robin-yates,200,success,,0.672,2026-04-17T22:30:35.217799+00:00
log_74b2822166,https://profiles.ucalgary.ca/rochelle-bonnie-babins-wagner,https://profiles.ucalgary.ca/rochelle-bonnie-babins-wagner,200,success,,0.302,2026-04-17T22:30:37.019908+00:00
log_dd2628728d,https://profiles.ucalgary.ca/rodney-li-pi-shan,https://profiles.ucalgary.ca/rodney-li-pi-shan,200,success,,0.652,2026-04-17T22:30:39.172352+00:00
log_c2c7a19dd1,https://profiles.ucalgary.ca/roger-thompson,https://profiles.ucalgary.ca/roger-thompson,200,success,,0.586,2026-04-17T22:30:41.259284+00:00
log_e9c2a733ff,https://profiles.ucalgary.ca/ronda-lun,https://profiles.ucalgary.ca/ronda-lun,200,success,,0.365,2026-04-17T22:30:43.124198+00:00
log_e5f5ecd76b,https://profiles.ucalgary.ca/ryan-peters,https://profiles.ucalgary.ca/ryan-peters,200,success,,0.072,2026-04-17T22:30:44.696403+00:00
log_bee0a40d45,https://profiles.ucalgary.ca/sabine-gilch,https://profiles.ucalgary.ca/sabine-gilch,200,success,,0.694,2026-04-17T22:30:46.890888+00:00
log_0dcb623788,https://profiles.ucalgary.ca/samuel-pichardo,https://profiles.ucalgary.ca/samuel-pichardo,200,success,,0.193,2026-04-17T22:30:48.584558+00:00
log_b7fcd66b2f,https://profiles.ucalgary.ca/samuel-weiss,https://profiles.ucalgary.ca/samuel-weiss,200,success,,0.132,2026-04-17T22:30:50.216989+00:00
log_ed6855827f,https://profiles.ucalgary.ca/samuel-wiebe,https://profiles.ucalgary.ca/samuel-wiebe,200,success,,1.149,2026-04-17T22:30:52.866082+00:00
log_df83e7505b,https://profiles.ucalgary.ca/sandy-berzins,https://profiles.ucalgary.ca/sandy-berzins,200,success,,0.567,2026-04-17T22:30:54.933211+00:00
log_1f30ec4f62,https://profiles.ucalgary.ca/sarah-furtado,https://profiles.ucalgary.ca/sarah-furtado,200,success,,0.522,2026-04-17T22:30:56.955259+00:00
log_460b37ca55,https://profiles.ucalgary.ca/sarah-maceachern,https://profiles.ucalgary.ca/sarah-maceachern,200,success,,0.441,2026-04-17T22:30:58.897284+00:00
log_be4cfd37cf,https://profiles.ucalgary.ca/sarah-mcfarlane,https://profiles.ucalgary.ca/sarah-mcfarlane,200,success,,0.547,2026-04-17T22:31:00.944537+00:00
log_1aef13bb1d,https://profiles.ucalgary.ca/sarah-morrow,https://profiles.ucalgary.ca/sarah-morrow,200,success,,0.782,2026-04-17T22:31:03.227169+00:00
log_14f49b749e,https://profiles.ucalgary.ca/sayeh-bayat,https://profiles.ucalgary.ca/sayeh-bayat,200,success,,0.514,2026-04-17T22:31:05.241620+00:00
log_72339a8f7b,https://profiles.ucalgary.ca/scott-burton-patten,https://profiles.ucalgary.ca/scott-burton-patten,200,success,,0.507,2026-04-17T22:31:07.249119+00:00
log_26efa5a37f,https://profiles.ucalgary.ca/scott-jarvis,https://profiles.ucalgary.ca/scott-jarvis,200,success,,0.741,2026-04-17T22:31:09.491120+00:00
log_71f7086db4,https://profiles.ucalgary.ca/scott-ryan,https://profiles.ucalgary.ca/scott-ryan,200,success,,0.525,2026-04-17T22:31:11.516883+00:00
log_555fea1fed,https://profiles.ucalgary.ca/sean-dukelow,https://profiles.ucalgary.ca/sean-dukelow,200,success,,0.15,2026-04-17T22:31:13.166625+00:00
log_984e7ca3ed,https://profiles.ucalgary.ca/serena-orr,https://profiles.ucalgary.ca/serena-orr,200,success,,0.465,2026-04-17T22:31:15.131396+00:00
log_e3ef62b8af,https://profiles.ucalgary.ca/serge-mrkobrada,https://profiles.ucalgary.ca/serge-mrkobrada,200,success,,0.474,2026-04-17T22:31:17.106026+00:00
log_515888328f,https://profiles.ucalgary.ca/shalina-ousman,https://profiles.ucalgary.ca/shalina-ousman,200,success,,1.089,2026-04-17T22:31:19.695092+00:00
log_3aa9c19799,https://profiles.ucalgary.ca/shawn-currie,https://profiles.ucalgary.ca/shawn-currie,200,success,,0.397,2026-04-17T22:31:21.592211+00:00
log_da6c531806,https://profiles.ucalgary.ca/shelagh-coutts,https://profiles.ucalgary.ca/shelagh-coutts,200,success,,0.767,2026-04-17T22:31:23.860056+00:00
log_54bfc87ada,https://profiles.ucalgary.ca/sheldon-roth,https://profiles.ucalgary.ca/sheldon-roth,200,success,,0.537,2026-04-17T22:31:25.897383+00:00
log_b21542b7ab,https://profiles.ucalgary.ca/sheri-madigan,https://profiles.ucalgary.ca/sheri-madigan,200,success,,0.639,2026-04-17T22:31:28.036349+00:00
log_aa0eaf22e9,https://profiles.ucalgary.ca/signe-bray,https://profiles.ucalgary.ca/signe-bray,200,success,,0.419,2026-04-17T22:31:29.955613+00:00
log_72e97c5c27,https://profiles.ucalgary.ca/simon-spanswick,https://profiles.ucalgary.ca/simon-spanswick,200,success,,0.375,2026-04-17T22:31:31.830946+00:00
log_68184e9e0e,https://profiles.ucalgary.ca/stefanie-hassel,https://profiles.ucalgary.ca/stefanie-hassel,200,success,,1.602,2026-04-17T22:31:34.933618+00:00
log_b172b2f788,https://profiles.ucalgary.ca/stephanie-ann-plamondon,https://profiles.ucalgary.ca/stephanie-ann-plamondon,200,success,,0.846,2026-04-17T22:31:37.280344+00:00
log_e857904a01,https://profiles.ucalgary.ca/stephanie-borgland,https://profiles.ucalgary.ca/stephanie-borgland,200,success,,0.673,2026-04-17T22:31:39.453444+00:00
log_e16b0db448,https://profiles.ucalgary.ca/stephanie-dotchin,https://profiles.ucalgary.ca/stephanie-dotchin,200,success,,0.312,2026-04-17T22:31:41.265916+00:00
log_b57bc1d550,https://profiles.ucalgary.ca/stephanie-knaak,https://profiles.ucalgary.ca/stephanie-knaak,200,success,,0.454,2026-04-17T22:31:43.219573+00:00
log_f8d7add141,https://profiles.ucalgary.ca/stephanie-vandenberg,https://profiles.ucalgary.ca/stephanie-vandenberg,200,success,,0.312,2026-04-17T22:31:45.031537+00:00
log_e40a2dcb57,https://profiles.ucalgary.ca/stephen-michael-mcneil,https://profiles.ucalgary.ca/stephen-michael-mcneil,200,success,,0.357,2026-04-17T22:31:46.888789+00:00
log_a5b2ada2e4,https://profiles.ucalgary.ca/stephen-west,https://profiles.ucalgary.ca/stephen-west,200,success,,1.157,2026-04-17T22:31:49.546144+00:00
log_8420fd84eb,https://profiles.ucalgary.ca/steven-casha,https://profiles.ucalgary.ca/steven-casha,200,success,,0.49,2026-04-17T22:31:51.536604+00:00
log_b504e6efb5,https://profiles.ucalgary.ca/steven-peters,https://profiles.ucalgary.ca/steven-peters,200,success,,0.361,2026-04-17T22:31:53.398036+00:00
log_c287cf3cc1,https://profiles.ucalgary.ca/steven-prescott,https://profiles.ucalgary.ca/steven-prescott,200,success,,0.615,2026-04-17T22:31:55.513314+00:00
log_f63488a657,https://profiles.ucalgary.ca/susan-annetta-graham,https://profiles.ucalgary.ca/susan-annetta-graham,200,success,,0.969,2026-04-17T22:31:57.982501+00:00
log_d00b5bb492,https://profiles.ucalgary.ca/svetlana-yanushkevich,https://profiles.ucalgary.ca/svetlana-yanushkevich,200,success,,1.026,2026-04-17T22:32:00.509267+00:00
log_aeded35faa,https://profiles.ucalgary.ca/tak-ho-chu,https://profiles.ucalgary.ca/tak-ho-chu,200,success,,0.564,2026-04-17T22:32:02.573703+00:00
log_fefcef3a6a,https://profiles.ucalgary.ca/tamara-bodnar,https://profiles.ucalgary.ca/tamara-bodnar,200,success,,0.078,2026-04-17T22:32:04.151447+00:00
log_84bfe4eb8a,https://profiles.ucalgary.ca/tamara-pringsheim,https://profiles.ucalgary.ca/tamara-pringsheim,200,success,,0.624,2026-04-17T22:32:06.275297+00:00
log_e2f35cb0e5,https://profiles.ucalgary.ca/tanya-mudry,https://profiles.ucalgary.ca/tanya-mudry,200,success,,0.489,2026-04-17T22:32:08.265034+00:00
log_c2a6b9404d,https://profiles.ucalgary.ca/theresa-green,https://profiles.ucalgary.ca/theresa-green,200,success,,0.775,2026-04-17T22:32:10.540754+00:00
log_d1d02c6ab1,https://profiles.ucalgary.ca/thomas-erskine-feasby,https://profiles.ucalgary.ca/thomas-erskine-feasby,200,success,,0.413,2026-04-17T22:32:12.454439+00:00
log_ecc74810a8,https://profiles.ucalgary.ca/thomas-raedler,https://profiles.ucalgary.ca/thomas-raedler,200,success,,0.173,2026-04-17T22:32:14.128123+00:00
log_100391316e,https://profiles.ucalgary.ca/timothy-shutt,https://profiles.ucalgary.ca/timothy-shutt,200,success,,0.974,2026-04-17T22:32:16.602526+00:00
log_4ef46b0310,https://profiles.ucalgary.ca/tolulope-sajobi,https://profiles.ucalgary.ca/tolulope-sajobi,200,success,,0.571,2026-04-17T22:32:18.673574+00:00
log_fc62208dff,https://profiles.ucalgary.ca/tuan-trang,https://profiles.ucalgary.ca/tuan-trang,200,success,,0.493,2026-04-17T22:32:20.667625+00:00
log_c83b548719,https://profiles.ucalgary.ca/tyler-cluff,https://profiles.ucalgary.ca/tyler-cluff,200,success,,0.072,2026-04-17T22:32:22.239296+00:00
log_e884403dd0,https://profiles.ucalgary.ca/valerie-taylor,https://profiles.ucalgary.ca/valerie-taylor,200,success,,0.387,2026-04-17T22:32:24.127273+00:00
log_592a095b54,https://profiles.ucalgary.ca/veronica-bruno,https://profiles.ucalgary.ca/veronica-bruno,200,success,,0.862,2026-04-17T22:32:26.489427+00:00
log_1ad1d6e1b7,https://profiles.ucalgary.ca/victoria-burns,https://profiles.ucalgary.ca/victoria-burns,200,success,,0.796,2026-04-17T22:32:28.785285+00:00
log_b1e6b25506,https://profiles.ucalgary.ca/vikram-karnik-0,https://profiles.ucalgary.ca/vikram-karnik-0,200,success,,0.366,2026-04-17T22:32:30.652021+00:00
log_1981634964,https://profiles.ucalgary.ca/voon-wee-yong,https://profiles.ucalgary.ca/voon-wee-yong,200,success,,0.672,2026-04-17T22:32:32.823761+00:00
log_d4b291a102,https://profiles.ucalgary.ca/werner-john-becker,https://profiles.ucalgary.ca/werner-john-becker,200,success,,0.328,2026-04-17T22:32:34.652021+00:00
log_ebe0bb42b0,https://profiles.ucalgary.ca/willem-wildering,https://profiles.ucalgary.ca/willem-wildering,200,success,,0.341,2026-04-17T22:32:36.493458+00:00
log_0194c6f7b0,https://profiles.ucalgary.ca/william-alexander-fletcher,https://profiles.ucalgary.ca/william-alexander-fletcher,200,success,,0.467,2026-04-17T22:32:38.460797+00:00
log_8e47ca0960,https://profiles.ucalgary.ca/william-crawford-cole,https://profiles.ucalgary.ca/william-crawford-cole,200,success,,0.561,2026-04-17T22:32:40.521730+00:00
log_cef200998b,https://profiles.ucalgary.ca/william-davenport,https://profiles.ucalgary.ca/william-davenport,200,success,,0.29,2026-04-17T22:32:42.312068+00:00
log_88ac3e5b7b,https://profiles.ucalgary.ca/william-kenyon-stell,https://profiles.ucalgary.ca/william-kenyon-stell,200,success,,0.445,2026-04-17T22:32:44.256815+00:00
log_01f21f175a,https://profiles.ucalgary.ca/wilten-nicola,https://profiles.ucalgary.ca/wilten-nicola,200,success,,0.318,2026-04-17T22:32:46.074777+00:00
log_5c73570651,https://profiles.ucalgary.ca/yaoping-hu,https://profiles.ucalgary.ca/yaoping-hu,200,success,,0.143,2026-04-17T22:32:47.718156+00:00
log_a5a7e46089,https://profiles.ucalgary.ca/yeonjung-lee,https://profiles.ucalgary.ca/yeonjung-lee,200,success,,0.831,2026-04-17T22:32:50.050000+00:00
log_2aede93545,https://profiles.ucalgary.ca/yingxu-wang,https://profiles.ucalgary.ca/yingxu-wang,200,success,,0.575,2026-04-17T22:32:52.125165+00:00
log_a9e5ac0040,https://profiles.ucalgary.ca/yunyan-zhang,https://profiles.ucalgary.ca/yunyan-zhang,200,success,,0.318,2026-04-17T22:32:53.944211+00:00
log_ca00ce9390,https://profiles.ucalgary.ca/yves-starreveld,https://profiles.ucalgary.ca/yves-starreveld,200,success,,0.341,2026-04-17T22:32:55.785463+00:00
log_65d222a86a,https://profiles.ucalgary.ca/zahinoor-ismail,https://profiles.ucalgary.ca/zahinoor-ismail,200,success,,0.463,2026-04-17T22:32:57.749204+00:00
log_971edbd6ab,https://profiles.ucalgary.ca/zahra-clayborne,https://profiles.ucalgary.ca/zahra-clayborne,200,success,,0.355,2026-04-17T22:32:59.604987+00:00
log_516fde6eea,https://profiles.ucalgary.ca/zahra-goodarzi,https://profiles.ucalgary.ca/zahra-goodarzi,200,success,,1.032,2026-04-17T22:33:02.137124+00:00
log_0acd4f6e33,https://profiles.ucalgary.ca/zelma-kiss,https://profiles.ucalgary.ca/zelma-kiss,200,success,,2.252,2026-04-17T22:33:05.889454+00:00
log_cc95ea88ae,https://www.ucalgary.ca/integrated-concussion-research-program/amanda-black,https://www.ucalgary.ca/integrated-concussion-research-program/amanda-black,200,success,,0.441,2026-04-17T22:33:07.830568+00:00
